{
  "employees": [
    {
      "id": "cca5",
      "uname": "",
      "pass": "",
      "email": "",
      "doj": "",
      "gender": "",
      "industry": ""
    },
    {
      "id": "c814",
      "uname": "admin",
      "pass": "pass",
      "email": "aa@mm.com",
      "doj": "2024-10-28T18:30:00.000Z",
      "gender": "",
      "industry": ""
    },
    {
      "id": "5074",
      "uname": "admin",
      "pass": "pass",
      "email": "aa@mm.com",
      "doj": "2024-10-28T18:30:00.000Z",
      "gender": "male",
      "industry": ""
    },
    {
      "id": "1fd7",
      "uname": "admin",
      "pass": "pass",
      "email": "aa@mm.com",
      "doj": "2024-10-28T18:30:00.000Z",
      "gender": "male",
      "industry": "HR"
    }
  ]
}